{
  "Year_Birth": 1968.8058035714287,
  "Education": 2,
  "Marital_Status": 3,
  "Income": 0.0006668306113248202,
  "Kidhome": 0.44419642857142855,
  "Teenhome": 0.50625,
  "Recency": 49.109375,
  "NumDealsPurchases": 2.325,
  "NumWebPurchases": 4.084821428571429,
  "NumCatalogPurchases": 2.6620535714285714,
  "NumStorePurchases": 5.790178571428571,
  "NumWebVisitsMonth": 5.316517857142857,
  "AcceptedCmp3": 0.07276785714285715,
  "AcceptedCmp4": 0.07455357142857143,
  "AcceptedCmp5": 0.07276785714285715,
  "AcceptedCmp1": 0.06428571428571428,
  "AcceptedCmp2": 0.013392857142857142,
  "Complain": 0.009375,
  "Customer_Tenure_Days": 4515.043303571429
}
